pais,segmento,parametro,valor,minimo,maximo,origen,fuente
México,Hombres,poblacion,46000000.0,,,estudio de mercado,SINTÉTICO de ejemplo: reemplazar por el estudio real
México,Hombres,prevalencia,0.29,0.25,0.33,estudio de mercado,SINTÉTICO de ejemplo: reemplazar por el estudio real
México,Hombres,diagnosticados,0.45,0.37,0.53,estudio de mercado,SINTÉTICO de ejemplo: reemplazar por el estudio real
México,Hombres,tratados,0.66,0.5800000000000001,0.74,estudio de mercado,SINTÉTICO de ejemplo: reemplazar por el estudio real
México,Hombres,clase,0.34,0.28,0.4,estudio de mercado,SINTÉTICO de ejemplo: reemplazar por el estudio real
México,Hombres,participacion,0.08,0.06,0.1,estudio de mercado,SINTÉTICO de ejemplo: reemplazar por el estudio real
México,Hombres,dosis_dia,1.0,,,estudio de mercado,SINTÉTICO de ejemplo: reemplazar por el estudio real
México,Hombres,dias_tratamiento,365.0,,,estudio de mercado,SINTÉTICO de ejemplo: reemplazar por el estudio real
México,Hombres,adherencia,0.62,0.5,0.72,estudio de mercado,SINTÉTICO de ejemplo: reemplazar por el estudio real
México,Hombres,precio_unidad,0.35,0.3,0.42,estudio de mercado,SINTÉTICO de ejemplo: reemplazar por el estudio real
México,Hombres,diagnosticados_objetivo,0.5700000000000001,,,estudio de mercado,SINTÉTICO de ejemplo: reemplazar por el estudio real
México,Mujeres,poblacion,46000000.0,,,estudio de mercado,SINTÉTICO de ejemplo: reemplazar por el estudio real
México,Mujeres,prevalencia,0.29,0.25,0.33,estudio de mercado,SINTÉTICO de ejemplo: reemplazar por el estudio real
México,Mujeres,diagnosticados,0.63,0.55,0.71,estudio de mercado,SINTÉTICO de ejemplo: reemplazar por el estudio real
México,Mujeres,tratados,0.66,0.5800000000000001,0.74,estudio de mercado,SINTÉTICO de ejemplo: reemplazar por el estudio real
México,Mujeres,clase,0.34,0.28,0.4,estudio de mercado,SINTÉTICO de ejemplo: reemplazar por el estudio real
México,Mujeres,participacion,0.08,0.06,0.1,estudio de mercado,SINTÉTICO de ejemplo: reemplazar por el estudio real
México,Mujeres,dosis_dia,1.0,,,estudio de mercado,SINTÉTICO de ejemplo: reemplazar por el estudio real
México,Mujeres,dias_tratamiento,365.0,,,estudio de mercado,SINTÉTICO de ejemplo: reemplazar por el estudio real
México,Mujeres,adherencia,0.62,0.5,0.72,estudio de mercado,SINTÉTICO de ejemplo: reemplazar por el estudio real
México,Mujeres,precio_unidad,0.35,0.3,0.42,estudio de mercado,SINTÉTICO de ejemplo: reemplazar por el estudio real
México,Mujeres,diagnosticados_objetivo,0.75,,,estudio de mercado,SINTÉTICO de ejemplo: reemplazar por el estudio real
Ecuador,Hombres,poblacion,6200000.0,,,estudio de mercado,SINTÉTICO de ejemplo: reemplazar por el estudio real
Ecuador,Hombres,prevalencia,0.29,0.25,0.33,estudio de mercado,SINTÉTICO de ejemplo: reemplazar por el estudio real
Ecuador,Hombres,diagnosticados,0.36,0.27999999999999997,0.44,estudio de mercado,SINTÉTICO de ejemplo: reemplazar por el estudio real
Ecuador,Hombres,tratados,0.6,0.52,0.6799999999999999,estudio de mercado,SINTÉTICO de ejemplo: reemplazar por el estudio real
Ecuador,Hombres,clase,0.34,0.28,0.4,estudio de mercado,SINTÉTICO de ejemplo: reemplazar por el estudio real
Ecuador,Hombres,participacion,0.08,0.06,0.1,estudio de mercado,SINTÉTICO de ejemplo: reemplazar por el estudio real
Ecuador,Hombres,dosis_dia,1.0,,,estudio de mercado,SINTÉTICO de ejemplo: reemplazar por el estudio real
Ecuador,Hombres,dias_tratamiento,365.0,,,estudio de mercado,SINTÉTICO de ejemplo: reemplazar por el estudio real
Ecuador,Hombres,adherencia,0.62,0.5,0.72,estudio de mercado,SINTÉTICO de ejemplo: reemplazar por el estudio real
Ecuador,Hombres,precio_unidad,0.35,0.3,0.42,estudio de mercado,SINTÉTICO de ejemplo: reemplazar por el estudio real
Ecuador,Hombres,diagnosticados_objetivo,0.48,,,estudio de mercado,SINTÉTICO de ejemplo: reemplazar por el estudio real
Ecuador,Mujeres,poblacion,6200000.0,,,estudio de mercado,SINTÉTICO de ejemplo: reemplazar por el estudio real
Ecuador,Mujeres,prevalencia,0.29,0.25,0.33,estudio de mercado,SINTÉTICO de ejemplo: reemplazar por el estudio real
Ecuador,Mujeres,diagnosticados,0.52,0.44,0.6,estudio de mercado,SINTÉTICO de ejemplo: reemplazar por el estudio real
Ecuador,Mujeres,tratados,0.6,0.52,0.6799999999999999,estudio de mercado,SINTÉTICO de ejemplo: reemplazar por el estudio real
Ecuador,Mujeres,clase,0.34,0.28,0.4,estudio de mercado,SINTÉTICO de ejemplo: reemplazar por el estudio real
Ecuador,Mujeres,participacion,0.08,0.06,0.1,estudio de mercado,SINTÉTICO de ejemplo: reemplazar por el estudio real
Ecuador,Mujeres,dosis_dia,1.0,,,estudio de mercado,SINTÉTICO de ejemplo: reemplazar por el estudio real
Ecuador,Mujeres,dias_tratamiento,365.0,,,estudio de mercado,SINTÉTICO de ejemplo: reemplazar por el estudio real
Ecuador,Mujeres,adherencia,0.62,0.5,0.72,estudio de mercado,SINTÉTICO de ejemplo: reemplazar por el estudio real
Ecuador,Mujeres,precio_unidad,0.35,0.3,0.42,estudio de mercado,SINTÉTICO de ejemplo: reemplazar por el estudio real
Ecuador,Mujeres,diagnosticados_objetivo,0.64,,,estudio de mercado,SINTÉTICO de ejemplo: reemplazar por el estudio real
Chile,Hombres,poblacion,7400000.0,,,estudio de mercado,SINTÉTICO de ejemplo: reemplazar por el estudio real
Chile,Hombres,prevalencia,0.29,0.25,0.33,estudio de mercado,SINTÉTICO de ejemplo: reemplazar por el estudio real
Chile,Hombres,diagnosticados,0.78,0.7000000000000001,0.86,estudio de mercado,SINTÉTICO de ejemplo: reemplazar por el estudio real
Chile,Hombres,tratados,0.62,0.54,0.7,estudio de mercado,SINTÉTICO de ejemplo: reemplazar por el estudio real
Chile,Hombres,clase,0.34,0.28,0.4,estudio de mercado,SINTÉTICO de ejemplo: reemplazar por el estudio real
Chile,Hombres,participacion,0.08,0.06,0.1,estudio de mercado,SINTÉTICO de ejemplo: reemplazar por el estudio real
Chile,Hombres,dosis_dia,1.0,,,estudio de mercado,SINTÉTICO de ejemplo: reemplazar por el estudio real
Chile,Hombres,dias_tratamiento,365.0,,,estudio de mercado,SINTÉTICO de ejemplo: reemplazar por el estudio real
Chile,Hombres,adherencia,0.62,0.5,0.72,estudio de mercado,SINTÉTICO de ejemplo: reemplazar por el estudio real
Chile,Hombres,precio_unidad,0.35,0.3,0.42,estudio de mercado,SINTÉTICO de ejemplo: reemplazar por el estudio real
Chile,Hombres,diagnosticados_objetivo,0.85,,,estudio de mercado,SINTÉTICO de ejemplo: reemplazar por el estudio real
Chile,Mujeres,poblacion,7400000.0,,,estudio de mercado,SINTÉTICO de ejemplo: reemplazar por el estudio real
Chile,Mujeres,prevalencia,0.29,0.25,0.33,estudio de mercado,SINTÉTICO de ejemplo: reemplazar por el estudio real
Chile,Mujeres,diagnosticados,0.88,0.8,0.96,estudio de mercado,SINTÉTICO de ejemplo: reemplazar por el estudio real
Chile,Mujeres,tratados,0.62,0.54,0.7,estudio de mercado,SINTÉTICO de ejemplo: reemplazar por el estudio real
Chile,Mujeres,clase,0.34,0.28,0.4,estudio de mercado,SINTÉTICO de ejemplo: reemplazar por el estudio real
Chile,Mujeres,participacion,0.08,0.06,0.1,estudio de mercado,SINTÉTICO de ejemplo: reemplazar por el estudio real
Chile,Mujeres,dosis_dia,1.0,,,estudio de mercado,SINTÉTICO de ejemplo: reemplazar por el estudio real
Chile,Mujeres,dias_tratamiento,365.0,,,estudio de mercado,SINTÉTICO de ejemplo: reemplazar por el estudio real
Chile,Mujeres,adherencia,0.62,0.5,0.72,estudio de mercado,SINTÉTICO de ejemplo: reemplazar por el estudio real
Chile,Mujeres,precio_unidad,0.35,0.3,0.42,estudio de mercado,SINTÉTICO de ejemplo: reemplazar por el estudio real
Chile,Mujeres,diagnosticados_objetivo,0.85,,,estudio de mercado,SINTÉTICO de ejemplo: reemplazar por el estudio real
