periodo,pais,area_terapeutica,molecula,marca,presentacion,ventas_usd
2025 YTD,México,Cardiometabólica,Vasotrilán,Vasotril,Vasotrilán,3039653.67
2025 YTD,México,Cardiometabólica,Vasotrilán,Vasotril HCT,Vasotrilán/Hidroclorotiazida,3437026.72
2025 YTD,México,Cardiometabólica,Vasotrilán,Vasotril AM,Vasotrilán/Amlodipino,4592889.65
2025 YTD,México,Cardiometabólica,Vasotrilán,Vasotril AM HCT,Vasotrilán/Amlodipino/Hidroclorotiazida,3493371.09
2025 YTD,México,Respiratoria,Brontelast,Respira,Brontelast,4886688.53
2025 YTD,México,Respiratoria,Brontelast,Respira Duo,Brontelast/Formoterol,1538272.34
2025 YTD,México,Sistema nervioso central,Zentiaprina,Neurozen,Zentiaprina,3169426.71
2025 YTD,Centroamérica,Cardiometabólica,Vasotrilán,Vasotril,Vasotrilán,2599006.21
2025 YTD,Centroamérica,Cardiometabólica,Vasotrilán,Vasotril HCT,Vasotrilán/Hidroclorotiazida,3028013.39
2025 YTD,Centroamérica,Cardiometabólica,Vasotrilán,Vasotril AM,Vasotrilán/Amlodipino,2901516.33
2025 YTD,Centroamérica,Cardiometabólica,Vasotrilán,Vasotril AM HCT,Vasotrilán/Amlodipino/Hidroclorotiazida,1241551.14
2025 YTD,Centroamérica,Respiratoria,Brontelast,Respira,Brontelast,2306626.7
2025 YTD,Centroamérica,Respiratoria,Brontelast,Respira Duo,Brontelast/Formoterol,1357798.87
2025 YTD,Centroamérica,Sistema nervioso central,Zentiaprina,Neurozen,Zentiaprina,2024664.93
2025 YTD,Ecuador,Cardiometabólica,Vasotrilán,Vasotril,Vasotrilán,2978898.34
2025 YTD,Ecuador,Cardiometabólica,Vasotrilán,Vasotril HCT,Vasotrilán/Hidroclorotiazida,2459420.37
2025 YTD,Ecuador,Cardiometabólica,Vasotrilán,Vasotril AM,Vasotrilán/Amlodipino,2439309.6
2025 YTD,Ecuador,Cardiometabólica,Vasotrilán,Vasotril AM HCT,Vasotrilán/Amlodipino/Hidroclorotiazida,661731.59
2025 YTD,Ecuador,Respiratoria,Brontelast,Respira,Brontelast,1796890.38
2025 YTD,Ecuador,Respiratoria,Brontelast,Respira Duo,Brontelast/Formoterol,692960.63
2025 YTD,Ecuador,Sistema nervioso central,Zentiaprina,Neurozen,Zentiaprina,2060719.0
2025 YTD,Chile,Cardiometabólica,Vasotrilán,Vasotril,Vasotrilán,827920.53
2025 YTD,Chile,Cardiometabólica,Vasotrilán,Vasotril HCT,Vasotrilán/Hidroclorotiazida,1930309.54
2025 YTD,Chile,Cardiometabólica,Vasotrilán,Vasotril AM,Vasotrilán/Amlodipino,1453171.12
2025 YTD,Chile,Cardiometabólica,Vasotrilán,Vasotril AM HCT,Vasotrilán/Amlodipino/Hidroclorotiazida,1819923.82
2025 YTD,Chile,Respiratoria,Brontelast,Respira,Brontelast,1371491.38
2025 YTD,Chile,Respiratoria,Brontelast,Respira Duo,Brontelast/Formoterol,419414.73
2025 YTD,Chile,Sistema nervioso central,Zentiaprina,Neurozen,Zentiaprina,2271770.62
2025 YTD,Perú,Cardiometabólica,Vasotrilán,Vasotril,Vasotrilán,1560705.26
2025 YTD,Perú,Cardiometabólica,Vasotrilán,Vasotril HCT,Vasotrilán/Hidroclorotiazida,853302.76
2025 YTD,Perú,Cardiometabólica,Vasotrilán,Vasotril AM,Vasotrilán/Amlodipino,954003.66
2025 YTD,Perú,Cardiometabólica,Vasotrilán,Vasotril AM HCT,Vasotrilán/Amlodipino/Hidroclorotiazida,443306.96
2025 YTD,Perú,Respiratoria,Brontelast,Respira,Brontelast,825400.27
2025 YTD,Perú,Respiratoria,Brontelast,Respira Duo,Brontelast/Formoterol,483770.42
2025 YTD,Perú,Sistema nervioso central,Zentiaprina,Neurozen,Zentiaprina,1287598.08
2025 YTD,Colombia,Cardiometabólica,Vasotrilán,Vasotril,Vasotrilán,798772.8
2025 YTD,Colombia,Cardiometabólica,Vasotrilán,Vasotril HCT,Vasotrilán/Hidroclorotiazida,901549.24
2025 YTD,Colombia,Cardiometabólica,Vasotrilán,Vasotril AM,Vasotrilán/Amlodipino,943174.64
2025 YTD,Colombia,Cardiometabólica,Vasotrilán,Vasotril AM HCT,Vasotrilán/Amlodipino/Hidroclorotiazida,751968.51
2025 YTD,Colombia,Respiratoria,Brontelast,Respira,Brontelast,767178.61
2025 YTD,Colombia,Respiratoria,Brontelast,Respira Duo,Brontelast/Formoterol,373739.12
2025 YTD,Colombia,Sistema nervioso central,Zentiaprina,Neurozen,Zentiaprina,1334179.62
2025 YTD,Argentina,Cardiometabólica,Vasotrilán,Vasotril,Vasotrilán,1195169.44
2025 YTD,Argentina,Cardiometabólica,Vasotrilán,Vasotril HCT,Vasotrilán/Hidroclorotiazida,114890.11
2025 YTD,Argentina,Cardiometabólica,Vasotrilán,Vasotril AM,Vasotrilán/Amlodipino,99835.18
2025 YTD,Argentina,Cardiometabólica,Vasotrilán,Vasotril AM HCT,Vasotrilán/Amlodipino/Hidroclorotiazida,0.0
2025 YTD,Argentina,Respiratoria,Brontelast,Respira,Brontelast,411804.64
2025 YTD,Argentina,Respiratoria,Brontelast,Respira Duo,Brontelast/Formoterol,165565.02
2025 YTD,Argentina,Sistema nervioso central,Zentiaprina,Neurozen,Zentiaprina,417367.44
2025 YTD,Bolivia,Cardiometabólica,Vasotrilán,Vasotril,Vasotrilán,459499.05
2025 YTD,Bolivia,Cardiometabólica,Vasotrilán,Vasotril HCT,Vasotrilán/Hidroclorotiazida,300937.62
2025 YTD,Bolivia,Cardiometabólica,Vasotrilán,Vasotril AM,Vasotrilán/Amlodipino,207580.64
2025 YTD,Bolivia,Cardiometabólica,Vasotrilán,Vasotril AM HCT,Vasotrilán/Amlodipino/Hidroclorotiazida,41850.11
2025 YTD,Bolivia,Respiratoria,Brontelast,Respira,Brontelast,263139.92
2025 YTD,Bolivia,Respiratoria,Brontelast,Respira Duo,Brontelast/Formoterol,152403.51
2025 YTD,Bolivia,Sistema nervioso central,Zentiaprina,Neurozen,Zentiaprina,378210.48
2025 YTD,Paraguay,Cardiometabólica,Vasotrilán,Vasotril,Vasotrilán,109414.41
2025 YTD,Paraguay,Cardiometabólica,Vasotrilán,Vasotril HCT,Vasotrilán/Hidroclorotiazida,237965.22
2025 YTD,Paraguay,Cardiometabólica,Vasotrilán,Vasotril AM,Vasotrilán/Amlodipino,226324.55
2025 YTD,Paraguay,Cardiometabólica,Vasotrilán,Vasotril AM HCT,Vasotrilán/Amlodipino/Hidroclorotiazida,457565.78
2025 YTD,Paraguay,Respiratoria,Brontelast,Respira,Brontelast,297558.58
2025 YTD,Paraguay,Respiratoria,Brontelast,Respira Duo,Brontelast/Formoterol,78261.88
2025 YTD,Paraguay,Sistema nervioso central,Zentiaprina,Neurozen,Zentiaprina,364958.05
2025 YTD,Venezuela,Cardiometabólica,Vasotrilán,Vasotril,Vasotrilán,145408.23
2025 YTD,Venezuela,Cardiometabólica,Vasotrilán,Vasotril HCT,Vasotrilán/Hidroclorotiazida,89202.67
2025 YTD,Venezuela,Cardiometabólica,Vasotrilán,Vasotril AM,Vasotrilán/Amlodipino,72046.57
2025 YTD,Venezuela,Cardiometabólica,Vasotrilán,Vasotril AM HCT,Vasotrilán/Amlodipino/Hidroclorotiazida,0.0
2025 YTD,Venezuela,Respiratoria,Brontelast,Respira,Brontelast,85872.38
2025 YTD,Venezuela,Respiratoria,Brontelast,Respira Duo,Brontelast/Formoterol,34995.03
2025 YTD,Venezuela,Sistema nervioso central,Zentiaprina,Neurozen,Zentiaprina,112591.8
2026 YTD,México,Cardiometabólica,Vasotrilán,Vasotril,Vasotrilán,3375608.28
2026 YTD,México,Cardiometabólica,Vasotrilán,Vasotril HCT,Vasotrilán/Hidroclorotiazida,3636089.71
2026 YTD,México,Cardiometabólica,Vasotrilán,Vasotril AM,Vasotrilán/Amlodipino,4718779.19
2026 YTD,México,Cardiometabólica,Vasotrilán,Vasotril AM HCT,Vasotrilán/Amlodipino/Hidroclorotiazida,4563002.94
2026 YTD,México,Respiratoria,Brontelast,Respira,Brontelast,3458731.66
2026 YTD,México,Respiratoria,Brontelast,Respira Duo,Brontelast/Formoterol,2612486.25
2026 YTD,México,Sistema nervioso central,Zentiaprina,Neurozen,Zentiaprina,3068287.23
2026 YTD,Centroamérica,Cardiometabólica,Vasotrilán,Vasotril,Vasotrilán,1962968.07
2026 YTD,Centroamérica,Cardiometabólica,Vasotrilán,Vasotril HCT,Vasotrilán/Hidroclorotiazida,1970480.4
2026 YTD,Centroamérica,Cardiometabólica,Vasotrilán,Vasotril AM,Vasotrilán/Amlodipino,2216692.51
2026 YTD,Centroamérica,Cardiometabólica,Vasotrilán,Vasotril AM HCT,Vasotrilán/Amlodipino/Hidroclorotiazida,1552872.79
2026 YTD,Centroamérica,Respiratoria,Brontelast,Respira,Brontelast,1546468.74
2026 YTD,Centroamérica,Respiratoria,Brontelast,Respira Duo,Brontelast/Formoterol,1505945.35
2026 YTD,Centroamérica,Sistema nervioso central,Zentiaprina,Neurozen,Zentiaprina,3904996.61
2026 YTD,Ecuador,Cardiometabólica,Vasotrilán,Vasotril,Vasotrilán,3668221.7
2026 YTD,Ecuador,Cardiometabólica,Vasotrilán,Vasotril HCT,Vasotrilán/Hidroclorotiazida,2590476.05
2026 YTD,Ecuador,Cardiometabólica,Vasotrilán,Vasotril AM,Vasotrilán/Amlodipino,1911104.38
2026 YTD,Ecuador,Cardiometabólica,Vasotrilán,Vasotril AM HCT,Vasotrilán/Amlodipino/Hidroclorotiazida,839021.35
2026 YTD,Ecuador,Respiratoria,Brontelast,Respira,Brontelast,2722408.7
2026 YTD,Ecuador,Respiratoria,Brontelast,Respira Duo,Brontelast/Formoterol,1418308.21
2026 YTD,Ecuador,Sistema nervioso central,Zentiaprina,Neurozen,Zentiaprina,3262118.8
2026 YTD,Chile,Cardiometabólica,Vasotrilán,Vasotril,Vasotrilán,1037339.44
2026 YTD,Chile,Cardiometabólica,Vasotrilán,Vasotril HCT,Vasotrilán/Hidroclorotiazida,1679974.99
2026 YTD,Chile,Cardiometabólica,Vasotrilán,Vasotril AM,Vasotrilán/Amlodipino,1351967.25
2026 YTD,Chile,Cardiometabólica,Vasotrilán,Vasotril AM HCT,Vasotrilán/Amlodipino/Hidroclorotiazida,2139445.67
2026 YTD,Chile,Respiratoria,Brontelast,Respira,Brontelast,1373476.61
2026 YTD,Chile,Respiratoria,Brontelast,Respira Duo,Brontelast/Formoterol,791015.41
2026 YTD,Chile,Sistema nervioso central,Zentiaprina,Neurozen,Zentiaprina,1932838.77
2026 YTD,Perú,Cardiometabólica,Vasotrilán,Vasotril,Vasotrilán,1614799.31
2026 YTD,Perú,Cardiometabólica,Vasotrilán,Vasotril HCT,Vasotrilán/Hidroclorotiazida,994149.9
2026 YTD,Perú,Cardiometabólica,Vasotrilán,Vasotril AM,Vasotrilán/Amlodipino,1383865.28
2026 YTD,Perú,Cardiometabólica,Vasotrilán,Vasotril AM HCT,Vasotrilán/Amlodipino/Hidroclorotiazida,526370.91
2026 YTD,Perú,Respiratoria,Brontelast,Respira,Brontelast,1011408.77
2026 YTD,Perú,Respiratoria,Brontelast,Respira Duo,Brontelast/Formoterol,447676.07
2026 YTD,Perú,Sistema nervioso central,Zentiaprina,Neurozen,Zentiaprina,1312101.84
2026 YTD,Colombia,Cardiometabólica,Vasotrilán,Vasotril,Vasotrilán,774535.58
2026 YTD,Colombia,Cardiometabólica,Vasotrilán,Vasotril HCT,Vasotrilán/Hidroclorotiazida,1375625.0
2026 YTD,Colombia,Cardiometabólica,Vasotrilán,Vasotril AM,Vasotrilán/Amlodipino,1103473.97
2026 YTD,Colombia,Cardiometabólica,Vasotrilán,Vasotril AM HCT,Vasotrilán/Amlodipino/Hidroclorotiazida,1277549.94
2026 YTD,Colombia,Respiratoria,Brontelast,Respira,Brontelast,1132840.72
2026 YTD,Colombia,Respiratoria,Brontelast,Respira Duo,Brontelast/Formoterol,358170.72
2026 YTD,Colombia,Sistema nervioso central,Zentiaprina,Neurozen,Zentiaprina,1370377.94
2026 YTD,Argentina,Cardiometabólica,Vasotrilán,Vasotril,Vasotrilán,1319244.76
2026 YTD,Argentina,Cardiometabólica,Vasotrilán,Vasotril HCT,Vasotrilán/Hidroclorotiazida,112330.35
2026 YTD,Argentina,Cardiometabólica,Vasotrilán,Vasotril AM,Vasotrilán/Amlodipino,101971.54
2026 YTD,Argentina,Cardiometabólica,Vasotrilán,Vasotril AM HCT,Vasotrilán/Amlodipino/Hidroclorotiazida,0.0
2026 YTD,Argentina,Respiratoria,Brontelast,Respira,Brontelast,498233.75
2026 YTD,Argentina,Respiratoria,Brontelast,Respira Duo,Brontelast/Formoterol,120818.26
2026 YTD,Argentina,Sistema nervioso central,Zentiaprina,Neurozen,Zentiaprina,299870.27
2026 YTD,Bolivia,Cardiometabólica,Vasotrilán,Vasotril,Vasotrilán,395107.75
2026 YTD,Bolivia,Cardiometabólica,Vasotrilán,Vasotril HCT,Vasotrilán/Hidroclorotiazida,286151.46
2026 YTD,Bolivia,Cardiometabólica,Vasotrilán,Vasotril AM,Vasotrilán/Amlodipino,251423.16
2026 YTD,Bolivia,Cardiometabólica,Vasotrilán,Vasotril AM HCT,Vasotrilán/Amlodipino/Hidroclorotiazida,57011.22
2026 YTD,Bolivia,Respiratoria,Brontelast,Respira,Brontelast,298148.25
2026 YTD,Bolivia,Respiratoria,Brontelast,Respira Duo,Brontelast/Formoterol,129336.86
2026 YTD,Bolivia,Sistema nervioso central,Zentiaprina,Neurozen,Zentiaprina,408821.35
2026 YTD,Paraguay,Cardiometabólica,Vasotrilán,Vasotril,Vasotrilán,110259.7
2026 YTD,Paraguay,Cardiometabólica,Vasotrilán,Vasotril HCT,Vasotrilán/Hidroclorotiazida,228116.45
2026 YTD,Paraguay,Cardiometabólica,Vasotrilán,Vasotril AM,Vasotrilán/Amlodipino,260143.73
2026 YTD,Paraguay,Cardiometabólica,Vasotrilán,Vasotril AM HCT,Vasotrilán/Amlodipino/Hidroclorotiazida,569689.94
2026 YTD,Paraguay,Respiratoria,Brontelast,Respira,Brontelast,306968.74
2026 YTD,Paraguay,Respiratoria,Brontelast,Respira Duo,Brontelast/Formoterol,123820.34
2026 YTD,Paraguay,Sistema nervioso central,Zentiaprina,Neurozen,Zentiaprina,258465.71
2026 YTD,Venezuela,Cardiometabólica,Vasotrilán,Vasotril,Vasotrilán,156578.53
2026 YTD,Venezuela,Cardiometabólica,Vasotrilán,Vasotril HCT,Vasotrilán/Hidroclorotiazida,64290.39
2026 YTD,Venezuela,Cardiometabólica,Vasotrilán,Vasotril AM,Vasotrilán/Amlodipino,81491.4
2026 YTD,Venezuela,Cardiometabólica,Vasotrilán,Vasotril AM HCT,Vasotrilán/Amlodipino/Hidroclorotiazida,0.0
2026 YTD,Venezuela,Respiratoria,Brontelast,Respira,Brontelast,71603.91
2026 YTD,Venezuela,Respiratoria,Brontelast,Respira Duo,Brontelast/Formoterol,40868.39
2026 YTD,Venezuela,Sistema nervioso central,Zentiaprina,Neurozen,Zentiaprina,95155.44
