pais,area_terapeutica,sexo,rango_edad,prevalencia,fuente
México,Cardiometabólica,Mujeres,18-39,0.07,Sintético (estilo encuesta nacional de salud)
México,Cardiometabólica,Mujeres,40-59,0.27,Sintético (estilo encuesta nacional de salud)
México,Cardiometabólica,Mujeres,60+,0.55,Sintético (estilo encuesta nacional de salud)
México,Cardiometabólica,Hombres,18-39,0.09,Sintético (estilo encuesta nacional de salud)
México,Cardiometabólica,Hombres,40-59,0.32,Sintético (estilo encuesta nacional de salud)
México,Cardiometabólica,Hombres,60+,0.58,Sintético (estilo encuesta nacional de salud)
México,Diabetes,Mujeres,18-39,0.02,Sintético (estilo encuesta nacional de salud)
México,Diabetes,Mujeres,40-59,0.1,Sintético (estilo encuesta nacional de salud)
México,Diabetes,Mujeres,60+,0.2,Sintético (estilo encuesta nacional de salud)
México,Diabetes,Hombres,18-39,0.03,Sintético (estilo encuesta nacional de salud)
México,Diabetes,Hombres,40-59,0.12,Sintético (estilo encuesta nacional de salud)
México,Diabetes,Hombres,60+,0.22,Sintético (estilo encuesta nacional de salud)
México,Salud ósea,Mujeres,18-39,0.01,Sintético (estilo encuesta nacional de salud)
México,Salud ósea,Mujeres,40-59,0.09,Sintético (estilo encuesta nacional de salud)
México,Salud ósea,Mujeres,60+,0.28,Sintético (estilo encuesta nacional de salud)
México,Salud ósea,Hombres,18-39,0.005,Sintético (estilo encuesta nacional de salud)
México,Salud ósea,Hombres,40-59,0.03,Sintético (estilo encuesta nacional de salud)
México,Salud ósea,Hombres,60+,0.09,Sintético (estilo encuesta nacional de salud)
Argentina,Cardiometabólica,Mujeres,18-39,0.07,Sintético (estilo encuesta nacional de salud)
Argentina,Cardiometabólica,Mujeres,40-59,0.27,Sintético (estilo encuesta nacional de salud)
Argentina,Cardiometabólica,Mujeres,60+,0.55,Sintético (estilo encuesta nacional de salud)
Argentina,Cardiometabólica,Hombres,18-39,0.09,Sintético (estilo encuesta nacional de salud)
Argentina,Cardiometabólica,Hombres,40-59,0.32,Sintético (estilo encuesta nacional de salud)
Argentina,Cardiometabólica,Hombres,60+,0.58,Sintético (estilo encuesta nacional de salud)
Argentina,Diabetes,Mujeres,18-39,0.02,Sintético (estilo encuesta nacional de salud)
Argentina,Diabetes,Mujeres,40-59,0.1,Sintético (estilo encuesta nacional de salud)
Argentina,Diabetes,Mujeres,60+,0.2,Sintético (estilo encuesta nacional de salud)
Argentina,Diabetes,Hombres,18-39,0.03,Sintético (estilo encuesta nacional de salud)
Argentina,Diabetes,Hombres,40-59,0.12,Sintético (estilo encuesta nacional de salud)
Argentina,Diabetes,Hombres,60+,0.22,Sintético (estilo encuesta nacional de salud)
Argentina,Salud ósea,Mujeres,18-39,0.01,Sintético (estilo encuesta nacional de salud)
Argentina,Salud ósea,Mujeres,40-59,0.09,Sintético (estilo encuesta nacional de salud)
Argentina,Salud ósea,Mujeres,60+,0.28,Sintético (estilo encuesta nacional de salud)
Argentina,Salud ósea,Hombres,18-39,0.005,Sintético (estilo encuesta nacional de salud)
Argentina,Salud ósea,Hombres,40-59,0.03,Sintético (estilo encuesta nacional de salud)
Argentina,Salud ósea,Hombres,60+,0.09,Sintético (estilo encuesta nacional de salud)
Colombia,Cardiometabólica,Mujeres,18-39,0.07,Sintético (estilo encuesta nacional de salud)
Colombia,Cardiometabólica,Mujeres,40-59,0.27,Sintético (estilo encuesta nacional de salud)
Colombia,Cardiometabólica,Mujeres,60+,0.55,Sintético (estilo encuesta nacional de salud)
Colombia,Cardiometabólica,Hombres,18-39,0.09,Sintético (estilo encuesta nacional de salud)
Colombia,Cardiometabólica,Hombres,40-59,0.32,Sintético (estilo encuesta nacional de salud)
Colombia,Cardiometabólica,Hombres,60+,0.58,Sintético (estilo encuesta nacional de salud)
Colombia,Diabetes,Mujeres,18-39,0.02,Sintético (estilo encuesta nacional de salud)
Colombia,Diabetes,Mujeres,40-59,0.1,Sintético (estilo encuesta nacional de salud)
Colombia,Diabetes,Mujeres,60+,0.2,Sintético (estilo encuesta nacional de salud)
Colombia,Diabetes,Hombres,18-39,0.03,Sintético (estilo encuesta nacional de salud)
Colombia,Diabetes,Hombres,40-59,0.12,Sintético (estilo encuesta nacional de salud)
Colombia,Diabetes,Hombres,60+,0.22,Sintético (estilo encuesta nacional de salud)
Colombia,Salud ósea,Mujeres,18-39,0.01,Sintético (estilo encuesta nacional de salud)
Colombia,Salud ósea,Mujeres,40-59,0.09,Sintético (estilo encuesta nacional de salud)
Colombia,Salud ósea,Mujeres,60+,0.28,Sintético (estilo encuesta nacional de salud)
Colombia,Salud ósea,Hombres,18-39,0.005,Sintético (estilo encuesta nacional de salud)
Colombia,Salud ósea,Hombres,40-59,0.03,Sintético (estilo encuesta nacional de salud)
Colombia,Salud ósea,Hombres,60+,0.09,Sintético (estilo encuesta nacional de salud)
Chile,Cardiometabólica,Mujeres,18-39,0.07,Sintético (estilo encuesta nacional de salud)
Chile,Cardiometabólica,Mujeres,40-59,0.27,Sintético (estilo encuesta nacional de salud)
Chile,Cardiometabólica,Mujeres,60+,0.55,Sintético (estilo encuesta nacional de salud)
Chile,Cardiometabólica,Hombres,18-39,0.09,Sintético (estilo encuesta nacional de salud)
Chile,Cardiometabólica,Hombres,40-59,0.32,Sintético (estilo encuesta nacional de salud)
Chile,Cardiometabólica,Hombres,60+,0.58,Sintético (estilo encuesta nacional de salud)
Chile,Diabetes,Mujeres,18-39,0.02,Sintético (estilo encuesta nacional de salud)
Chile,Diabetes,Mujeres,40-59,0.1,Sintético (estilo encuesta nacional de salud)
Chile,Diabetes,Mujeres,60+,0.2,Sintético (estilo encuesta nacional de salud)
Chile,Diabetes,Hombres,18-39,0.03,Sintético (estilo encuesta nacional de salud)
Chile,Diabetes,Hombres,40-59,0.12,Sintético (estilo encuesta nacional de salud)
Chile,Diabetes,Hombres,60+,0.22,Sintético (estilo encuesta nacional de salud)
Chile,Salud ósea,Mujeres,18-39,0.01,Sintético (estilo encuesta nacional de salud)
Chile,Salud ósea,Mujeres,40-59,0.09,Sintético (estilo encuesta nacional de salud)
Chile,Salud ósea,Mujeres,60+,0.28,Sintético (estilo encuesta nacional de salud)
Chile,Salud ósea,Hombres,18-39,0.005,Sintético (estilo encuesta nacional de salud)
Chile,Salud ósea,Hombres,40-59,0.03,Sintético (estilo encuesta nacional de salud)
Chile,Salud ósea,Hombres,60+,0.09,Sintético (estilo encuesta nacional de salud)
Uruguay,Cardiometabólica,Mujeres,18-39,0.07,Sintético (estilo encuesta nacional de salud)
Uruguay,Cardiometabólica,Mujeres,40-59,0.27,Sintético (estilo encuesta nacional de salud)
Uruguay,Cardiometabólica,Mujeres,60+,0.55,Sintético (estilo encuesta nacional de salud)
Uruguay,Cardiometabólica,Hombres,18-39,0.09,Sintético (estilo encuesta nacional de salud)
Uruguay,Cardiometabólica,Hombres,40-59,0.32,Sintético (estilo encuesta nacional de salud)
Uruguay,Cardiometabólica,Hombres,60+,0.58,Sintético (estilo encuesta nacional de salud)
Uruguay,Diabetes,Mujeres,18-39,0.02,Sintético (estilo encuesta nacional de salud)
Uruguay,Diabetes,Mujeres,40-59,0.1,Sintético (estilo encuesta nacional de salud)
Uruguay,Diabetes,Mujeres,60+,0.2,Sintético (estilo encuesta nacional de salud)
Uruguay,Diabetes,Hombres,18-39,0.03,Sintético (estilo encuesta nacional de salud)
Uruguay,Diabetes,Hombres,40-59,0.12,Sintético (estilo encuesta nacional de salud)
Uruguay,Diabetes,Hombres,60+,0.22,Sintético (estilo encuesta nacional de salud)
Uruguay,Salud ósea,Mujeres,18-39,0.01,Sintético (estilo encuesta nacional de salud)
Uruguay,Salud ósea,Mujeres,40-59,0.09,Sintético (estilo encuesta nacional de salud)
Uruguay,Salud ósea,Mujeres,60+,0.28,Sintético (estilo encuesta nacional de salud)
Uruguay,Salud ósea,Hombres,18-39,0.005,Sintético (estilo encuesta nacional de salud)
Uruguay,Salud ósea,Hombres,40-59,0.03,Sintético (estilo encuesta nacional de salud)
Uruguay,Salud ósea,Hombres,60+,0.09,Sintético (estilo encuesta nacional de salud)
Brasil,Cardiometabólica,Mujeres,18-39,0.07,Sintético (estilo encuesta nacional de salud)
Brasil,Cardiometabólica,Mujeres,40-59,0.27,Sintético (estilo encuesta nacional de salud)
Brasil,Cardiometabólica,Mujeres,60+,0.55,Sintético (estilo encuesta nacional de salud)
Brasil,Cardiometabólica,Hombres,18-39,0.09,Sintético (estilo encuesta nacional de salud)
Brasil,Cardiometabólica,Hombres,40-59,0.32,Sintético (estilo encuesta nacional de salud)
Brasil,Cardiometabólica,Hombres,60+,0.58,Sintético (estilo encuesta nacional de salud)
Brasil,Diabetes,Mujeres,18-39,0.02,Sintético (estilo encuesta nacional de salud)
Brasil,Diabetes,Mujeres,40-59,0.1,Sintético (estilo encuesta nacional de salud)
Brasil,Diabetes,Mujeres,60+,0.2,Sintético (estilo encuesta nacional de salud)
Brasil,Diabetes,Hombres,18-39,0.03,Sintético (estilo encuesta nacional de salud)
Brasil,Diabetes,Hombres,40-59,0.12,Sintético (estilo encuesta nacional de salud)
Brasil,Diabetes,Hombres,60+,0.22,Sintético (estilo encuesta nacional de salud)
Brasil,Salud ósea,Mujeres,18-39,0.01,Sintético (estilo encuesta nacional de salud)
Brasil,Salud ósea,Mujeres,40-59,0.09,Sintético (estilo encuesta nacional de salud)
Brasil,Salud ósea,Mujeres,60+,0.28,Sintético (estilo encuesta nacional de salud)
Brasil,Salud ósea,Hombres,18-39,0.005,Sintético (estilo encuesta nacional de salud)
Brasil,Salud ósea,Hombres,40-59,0.03,Sintético (estilo encuesta nacional de salud)
Brasil,Salud ósea,Hombres,60+,0.09,Sintético (estilo encuesta nacional de salud)
Perú,Cardiometabólica,Mujeres,18-39,0.07,Sintético (estilo encuesta nacional de salud)
Perú,Cardiometabólica,Mujeres,40-59,0.27,Sintético (estilo encuesta nacional de salud)
Perú,Cardiometabólica,Mujeres,60+,0.55,Sintético (estilo encuesta nacional de salud)
Perú,Cardiometabólica,Hombres,18-39,0.09,Sintético (estilo encuesta nacional de salud)
Perú,Cardiometabólica,Hombres,40-59,0.32,Sintético (estilo encuesta nacional de salud)
Perú,Cardiometabólica,Hombres,60+,0.58,Sintético (estilo encuesta nacional de salud)
Perú,Diabetes,Mujeres,18-39,0.02,Sintético (estilo encuesta nacional de salud)
Perú,Diabetes,Mujeres,40-59,0.1,Sintético (estilo encuesta nacional de salud)
Perú,Diabetes,Mujeres,60+,0.2,Sintético (estilo encuesta nacional de salud)
Perú,Diabetes,Hombres,18-39,0.03,Sintético (estilo encuesta nacional de salud)
Perú,Diabetes,Hombres,40-59,0.12,Sintético (estilo encuesta nacional de salud)
Perú,Diabetes,Hombres,60+,0.22,Sintético (estilo encuesta nacional de salud)
Perú,Salud ósea,Mujeres,18-39,0.01,Sintético (estilo encuesta nacional de salud)
Perú,Salud ósea,Mujeres,40-59,0.09,Sintético (estilo encuesta nacional de salud)
Perú,Salud ósea,Mujeres,60+,0.28,Sintético (estilo encuesta nacional de salud)
Perú,Salud ósea,Hombres,18-39,0.005,Sintético (estilo encuesta nacional de salud)
Perú,Salud ósea,Hombres,40-59,0.03,Sintético (estilo encuesta nacional de salud)
Perú,Salud ósea,Hombres,60+,0.09,Sintético (estilo encuesta nacional de salud)
